1_hmkcode_android,0,0,62,,,4,the number of repositories that use crypto packages.
2_owncloud_android,4,1,261,"javax.crypto.Cipher
javax.crypto.KeyGenerator
javax.crypto.NoSuchPaddingException
javax.crypto.SecretKey",,,
3_csploit_android,0,0,172,,,,
4_nextcloud_android,13,2,401,"javax.crypto.Cipher
javax.crypto.NoSuchPaddingException
javax.crypto.BadPaddingException
javax.crypto.Cipher
javax.crypto.IllegalBlockSizeException
javax.crypto.KeyGenerator
javax.crypto.NoSuchPaddingException
javax.crypto.SecretKey
javax.crypto.SecretKeyFactory
javax.crypto.spec.GCMParameterSpec
javax.crypto.spec.IvParameterSpec
javax.crypto.spec.PBEKeySpec
javax.crypto.spec.SecretKeySpec",,,
5_owntracks_android,0,0,171,,,,
6_blankj_androidutilcode,7,1,196,"javax.crypto.BadPaddingException
javax.crypto.Cipher
javax.crypto.IllegalBlockSizeException
javax.crypto.Mac
javax.crypto.NoSuchPaddingException
javax.crypto.spec.IvParameterSpec
javax.crypto.spec.SecretKeySpec",,,
7_meganz_android,2,1,492,"javax.crypto.Cipher
javax.crypto.spec.SecretKeySpec",,,
8_cyclestreets_android,0,0,158,,,,
9_libreliodev_android,0,0,116,,,,
10_daimajia_androidswipelayout,0,0,22,,,,
11_daimajia_androidviewanimations,0,0,69,,,,
12_hussien89aa_androidtutorialforbeginners,0,0,90,,,,
13_umano_androidslidinguppanel,0,0,4,,,,
14_gcssloop_androidnote,0,0,3,,,,
15_koush_androidasync,0,0,215,,,,
16_hongyangandroid_androidautolayout,0,0,60,,,,
17_ttdevs_android,7,3,135,"javax.crypto.Cipher
javax.crypto.spec.SecretKeySpec
javax.crypto.Cipher
javax.crypto.spec.SecretKeySpec
javax.crypto.Mac
javax.crypto.SecretKey
javax.crypto.spec.SecretKeySpec",,,
18_daimajia_androidimageslider,0,0,32,,,,
20_gzu-liyujiang_androidpicker,0,0,60,,,,
21_irccloud_android,0,0,114,,,,
22_androidannotations_androidannotations,0,0,900,,,,
23_airbnb_lottie-android,0,0,182,,,,
24_etsy_androidstaggeredgrid,0,0,13,,,,
25_aporter_coursera-android,0,0,356,,,,
26_nostra13_android-universal-image-loader,0,0,88,,,,
27_elifut_android,0,0,118,,,,
28_fetlife_android,4,1,274,"javax.crypto.Cipher
javax.crypto.SecretKey
javax.crypto.spec.IvParameterSpec
javax.crypto.spec.SecretKeySpec",,,
29_specialcyci_androidresidemenu,0,0,8,,,,
30_reactivex_rxandroid,0,0,11,,,,
31_firebase_quickstart-android,0,0,117,,,,
32_barteksc_androidpdfviewer,0,0,41,,,,
33_jaydenxiao2016_androidfire,7,2,285,"javax.crypto.Cipher
javax.crypto.spec.IvParameterSpec
javax.crypto.spec.SecretKeySpec
javax.crypto.Cipher
javax.crypto.SecretKey
javax.crypto.SecretKeyFactory
javax.crypto.spec.DESKeySpec",,,
34_signalapp_signal-android,71,12,764,"javax.crypto.Cipher
javax.crypto.CipherInputStream
javax.crypto.CipherOutputStream
javax.crypto.Mac
javax.crypto.NoSuchPaddingException
javax.crypto.spec.IvParameterSpec
javax.crypto.spec.SecretKeySpec
javax.crypto.BadPaddingException
javax.crypto.Cipher
javax.crypto.IllegalBlockSizeException
javax.crypto.NoSuchPaddingException
javax.crypto.ShortBufferException
javax.crypto.spec.IvParameterSpec
javax.crypto.spec.SecretKeySpec
javax.crypto.spec.SecretKeySpec
javax.crypto.Cipher
javax.crypto.CipherInputStream
javax.crypto.Mac
javax.crypto.NoSuchPaddingException
javax.crypto.spec.IvParameterSpec
javax.crypto.spec.SecretKeySpec
javax.crypto.Mac
javax.crypto.spec.SecretKeySpec
javax.crypto.BadPaddingException
javax.crypto.Cipher
javax.crypto.IllegalBlockSizeException
javax.crypto.KeyGenerator
javax.crypto.NoSuchPaddingException
javax.crypto.SecretKey
javax.crypto.spec.GCMParameterSpec
javax.crypto.Cipher
javax.crypto.CipherInputStream
javax.crypto.Mac
javax.crypto.NoSuchPaddingException
javax.crypto.spec.IvParameterSpec
javax.crypto.spec.SecretKeySpec
javax.crypto.Cipher
javax.crypto.KeyGenerator
javax.crypto.Mac
javax.crypto.SecretKey
javax.crypto.SecretKeyFactory
javax.crypto.spec.PBEKeySpec
javax.crypto.spec.PBEParameterSpec
javax.crypto.spec.SecretKeySpec
javax.crypto.BadPaddingException
javax.crypto.Cipher
javax.crypto.IllegalBlockSizeException
javax.crypto.Mac
javax.crypto.NoSuchPaddingException
javax.crypto.spec.IvParameterSpec
javax.crypto.spec.SecretKeySpec
javax.crypto.Cipher
javax.crypto.CipherOutputStream
javax.crypto.Mac
javax.crypto.NoSuchPaddingException
javax.crypto.spec.IvParameterSpec
javax.crypto.spec.SecretKeySpec
javax.crypto.BadPaddingException
javax.crypto.Cipher
javax.crypto.IllegalBlockSizeException
javax.crypto.Mac
javax.crypto.NoSuchPaddingException
javax.crypto.spec.IvParameterSpec
javax.crypto.spec.SecretKeySpec
javax.crypto.BadPaddingException
javax.crypto.Cipher
javax.crypto.IllegalBlockSizeException
javax.crypto.Mac
javax.crypto.NoSuchPaddingException
javax.crypto.spec.IvParameterSpec
javax.crypto.spec.SecretKeySpec",,,
35_antoniolg_androidmvp,0,0,10,,,,
36_jackyandroid_androidchromium,10,3,1125,"javax.crypto.Cipher
javax.crypto.CipherInputStream
javax.crypto.CipherOutputStream
javax.crypto.Cipher
javax.crypto.CipherInputStream
javax.crypto.CipherOutputStream
javax.crypto.KeyGenerator
javax.crypto.Mac
javax.crypto.SecretKey
javax.crypto.spec.SecretKeySpec",,,
37_daimajia_androidviewhover,0,0,5,,,,
38_loopj_android-async-http,0,0,83,,,,
39_jackyandroid_androidtvlauncher,0,0,17,,,,
40_danikula_androidvideocache,0,0,60,,,,
41_jessyancoding_androidautosize,0,0,34,,,,
42_googlesamples_android-testing,0,0,58,,,,
43_android10_android-cleanarchitecture,0,0,81,,,,
44_drklo_telegram,23,8,1095,"javax.crypto.Cipher
javax.crypto.Cipher
javax.crypto.Mac
javax.crypto.Cipher
javax.crypto.Mac
javax.crypto.Cipher
javax.crypto.CipherInputStream
javax.crypto.NoSuchPaddingException
javax.crypto.spec.IvParameterSpec
javax.crypto.spec.SecretKeySpec
javax.crypto.Cipher
javax.crypto.CipherInputStream
javax.crypto.CipherOutputStream
javax.crypto.NoSuchPaddingException
javax.crypto.spec.IvParameterSpec
javax.crypto.spec.SecretKeySpec
javax.crypto.Cipher
javax.crypto.NoSuchPaddingException
javax.crypto.ShortBufferException
javax.crypto.spec.IvParameterSpec
javax.crypto.spec.SecretKeySpec
javax.crypto.Cipher
javax.crypto.Cipher",,,
45_bmelnychuk_androidtreeview,0,0,20,,,,
46_lecho_hellocharts-android,0,0,107,,,,
47_bearded-hen_android-bootstrap,0,0,65,,,,
48_cats-oss_android-gpuimage,0,0,96,,,,
49_2dxgujun_androidtaggroup,0,0,8,,,,
50_pockethub_pockethub,0,0,236,,,,
51_bigkoo_android-pickerview,0,0,39,,,,
52_facebook_facebook-android-sdk,0,0,438,,,,
53_googlemaps_android-samples,0,0,47,,,,
54_mixi-inc_androidtraining,0,0,655,,,,
55_jz-darkal_androidhttpcapture,1,1,179,javax.crypto.Cipher,,,
56_qmui_qmui_android,0,0,212,,,,
57_zzz40500_androidsweetsheet,0,0,26,,,,
58_zomato_androidphotofilters,0,0,20,,,,
59_pchab_androidrtc,0,0,6,,,,
60_googlesamples_android-vision,0,0,48,,,,
61_pardom-zz_activeandroid,0,0,47,,,,
62_liaohuqiu_android-ultra-pull-to-refresh,0,0,50,,,,
63_jdamcd_android-crop,0,0,12,,,,
64_hehonghui_androideventbus,0,0,33,,,,
65_googlearchive_androidchat,0,0,5,,,,
66_apache_cordova-android,0,0,54,,,,
67_koral--_android-gif-drawable,0,0,44,,,,
68_kickstarter_android-oss,0,0,497,,,,
69_wasabeef_richeditor-android,0,0,5,,,,
70_futuresimple_android-floating-action-button,0,0,5,,,,
71_survivingwithandroid_surviving-with-android,4,1,262,"javax.crypto.Cipher
javax.crypto.KeyGenerator
javax.crypto.NoSuchPaddingException
javax.crypto.SecretKey",,,
73_kaushikgopal_rxjava-android-samples,0,0,40,,,,
74_yalantis_side-menu.android,0,0,9,,,,
75_h6ah4i_android-advancedrecyclerview,0,0,212,,,,
76_doggycoder_androidopengldemo,0,0,84,,,,
77_h07000223_flycotablayout,0,0,16,,,,
78_google_android-classyshark,0,0,133,,,,
79_jorgecastilloprz_androidfillableloaders,0,0,27,,,,
80_googlesamples_android-play-location,0,0,22,,,,
81_paultr_androiddemoprojects,0,0,227,,,,
82_q42_androidscrollingimageview,0,0,3,,,,
83_wuxiaolong_androidmvpsample,0,0,14,,,,
84_cellularprivacy_android-imsi-catcher-detector,0,0,105,,,,
85_square_android-times-square,0,0,17,,,,
86_hdodenhof_circleimageview,0,0,2,,,,
87_xmusistone_androidpilelayout,0,0,13,,,,
88_rmtheis_android-ocr,0,0,27,,,,
89_blizzard-liu_androidutils,0,0,13,,,,
90_grantland_android-autofittextview,0,0,4,,,,
91_firebase_firebaseui-android,0,0,180,,,,
92_adrielcafe_androidaudiorecorder,0,0,9,,,,
93_aritraroy_ultimateandroidreference,0,0,1,,,,
94_hotbitmapgg_bilibili-android-client,0,0,220,,,,
95_simple-android-framework_android_design_patterns_analysis,0,0,10,,,,
96_gavinct_androidmultichannelbuildtool,0,0,1,,,,
97_bingoogolapple_bgabanner-android,0,0,31,,,,
98_lygttpod_androidcustomview,0,0,58,,,,
99_googlemaps_android-maps-utils,0,0,128,,,,
100_redsolution_xabber-android,0,0,504,,,,
101_ybq_android-spinkit,0,0,42,,,,
102_bigkoo_android-convenientbanner,0,0,16,,,,
103_bingoogolapple_bgarefreshlayout-android,0,0,50,,,,
104_whilu_androidtagview,0,0,7,,,,
105_mikepenz_android-iconics,0,0,57,,,,
106_code-troopers_android-betterpickers,0,0,138,,,,
107_crazyqiang_androidstudy,0,0,137,,,,
108_evernote_android-job,0,0,97,,,,
109_tekinarslan_androidmaterialdesigntoolbar,0,0,11,,,,
110_joanzapata_android-iconify,0,0,35,,,,
111_yalantis_context-menu.android,0,0,13,,,,
112_alamkanak_android-week-view,0,0,12,,,,
113_mindorksopensource_android-mvp-architecture,0,0,98,,,,
114_mindorksopensource_android-interview-questions,0,0,1,,,,
115_novoda_android-demos,7,1,129,"javax.crypto.BadPaddingException
javax.crypto.Cipher
javax.crypto.IllegalBlockSizeException
javax.crypto.NoSuchPaddingException
javax.crypto.SecretKey
javax.crypto.SecretKeyFactory
javax.crypto.spec.PBEParameterSpec",,,
116_qiujuer_genius-android,0,0,77,,,,
118_facebook_shimmer-android,0,0,3,,,,
119_dmytrodanylyk_circular-progress-button,0,0,13,,,,
120_arthurhub_android-image-cropper,0,0,18,,,,
121_ankidroid_anki-android,0,0,275,,,,
122_guiying712_androidmodulepattern,0,0,73,,,,
123_miloskozak_androidaps,0,0,803,,,,
124_robolectric_robolectric,0,0,1249,,,,
125_yipianfengye_android-zxinglibrary,0,0,34,,,,
126_ramotion_folding-cell-android,0,0,12,,,,
127_material-components_material-components-android,0,0,309,,,,
128_journeyapps_zxing-android-embedded,0,0,59,,,,
129_mindorksopensource_androidtensorflowmachinelearningexample,0,0,5,,,,
130_ragunathjawahar_android-saripaar,0,0,147,,,,
131_googlesamples_android-camera2basic,0,0,4,,,,
132_amitshekhariitbhu_fast-android-networking,0,0,130,,,,
133_commonsguy_cw-omnibus,12,3,1677,"javax.crypto.Cipher
javax.crypto.KeyGenerator
javax.crypto.SecretKey
javax.crypto.spec.IvParameterSpec
javax.crypto.Cipher
javax.crypto.KeyGenerator
javax.crypto.SecretKey
javax.crypto.spec.IvParameterSpec
javax.crypto.Cipher
javax.crypto.KeyGenerator
javax.crypto.SecretKey
javax.crypto.SecretKeyFactory",,,
134_envyfan_androidreview,0,0,53,,,,
135_wordpress-mobile_wordpress-android,0,0,704,,,,
136_danielzeller_depth-lib-android-,0,0,59,,,,
137_houkx_android-pluginmgr,0,0,34,,,,
138_amitshekhariitbhu_android-debug-database,0,0,34,,,,
139_google_exoplayer,21,7,812,"javax.crypto.Cipher
javax.crypto.NoSuchPaddingException
javax.crypto.Cipher
javax.crypto.CipherInputStream
javax.crypto.NoSuchPaddingException
javax.crypto.spec.IvParameterSpec
javax.crypto.spec.SecretKeySpec
javax.crypto.Cipher
javax.crypto.Cipher
javax.crypto.CipherInputStream
javax.crypto.CipherOutputStream
javax.crypto.NoSuchPaddingException
javax.crypto.spec.IvParameterSpec
javax.crypto.spec.SecretKeySpec
javax.crypto.Cipher
javax.crypto.NoSuchPaddingException
javax.crypto.ShortBufferException
javax.crypto.spec.IvParameterSpec
javax.crypto.spec.SecretKeySpec
javax.crypto.Cipher
javax.crypto.Cipher",,,
140_navasmdc_materialdesignlibrary,0,0,30,,,,
141_johntsaiandroid_androidtips,0,0,2,,,,
142_google_agera,0,0,143,,,,
143_googleads_googleads-mobile-android-examples,0,0,25,,,,
144_yalantis_ucrop,0,0,33,,,,
145_mik3y_usb-serial-for-android,0,0,17,,,,
146_uberspot_2048-android,0,0,1,,,,
147_wuxiaolong_androidutils,0,0,26,,,,
148_fossasia_phimpme-android,0,0,332,,,,
149_jackpal_android-terminal-emulator,6,1,68,"javax.crypto.Cipher
javax.crypto.KeyGenerator
javax.crypto.Mac
javax.crypto.SecretKey
javax.crypto.spec.IvParameterSpec
javax.crypto.spec.SecretKeySpec",,,
150_aporter_coursera-android-labs,0,0,66,,,,
151_gcacace_android-signaturepad,0,0,11,,,,
152_ximsfei_android-skin-support,0,0,193,,,,
153_altbeacon_android-beacon-library,0,0,104,,,,
154_google-developer-training_android-fundamentals,0,0,149,,,,
155_dmytrodanylyk_android-process-button,0,0,11,,,,
156_playgameservices_android-basic-samples,0,0,11,,,,
157_quran_quran_android,0,0,184,,,,
158_amitshekhariitbhu_rxjava2-android-samples,0,0,51,,,,
159_daimajia_numberprogressbar,0,0,3,,,,
160_adrielcafe_androidaudioconverter,0,0,7,,,,
161_frogermcs_androiddevmetrics,0,0,27,,,,
162_siyamed_android-shape-imageview,0,0,35,,,,
163_willowtreeapps_spruce-android,0,0,38,,,,
164_parse-community_parse-sdk-android,0,0,236,,,,
165_writingminds_ffmpeg-android-java,0,0,33,,,,
166_lgvalle_material-animations,0,0,15,,,,
167_vogellacompany_codeexamples-android,0,0,1186,,,,
168_nisrulz_android-tips-tricks,0,0,1,,,,
169_getactivity_androidproject,0,0,47,,,,
170_googlesamples_easypermissions,0,0,25,,,,
171_lyndonchin_masteringandroiddatabinding,0,0,25,,,,
172_yalantis_guillotinemenu-android,0,0,9,,,,
173_steelkiwi_androidrecording,0,0,29,,,,
174_alibaba_tangram-android,0,0,187,,,,
175_mozilla-mobile_focus-android,0,0,106,,,,
176_markushi_android-circlebutton,0,0,2,,,,
177_iandarwin_android-cookbook-examples,0,0,352,,,,
178_j256_ormlite-android,0,0,26,,,,
179_stacktipslab_advance-android-tutorials,0,0,38,,,,
180_rebooters_androidanimationexercise,0,0,262,,,,
181_robotiumtech_robotium,0,0,37,,,,
182_codinguser_gnucash-android,0,0,188,,,,
183_udacity_android_me,0,0,2,,,,
184_baoyongzhang_android-pullrefreshlayout,0,0,14,,,,
185_luojilab_ddcomponentforandroid,0,0,47,,,,
186_avast_android-butterknife-zelezny,0,0,26,,,,
187_nisrulz_android-examples,12,2,462,"javax.crypto.Cipher
javax.crypto.KeyGenerator
javax.crypto.NoSuchPaddingException
javax.crypto.SecretKey
javax.crypto.Cipher
javax.crypto.KeyGenerator
javax.crypto.Mac
javax.crypto.SecretKey
javax.crypto.SecretKeyFactory
javax.crypto.spec.IvParameterSpec
javax.crypto.spec.PBEKeySpec
javax.crypto.spec.SecretKeySpec",,,
188_stealthcopter_androidnetworktools,0,0,27,,,,
189_codebutler_android-websockets,0,0,2,,,,
190_dm77_barcodescanner,0,0,37,,,,
191_amitshekhariitbhu_awesome-android-complete-reference,0,0,4,,,,
192_jgilfelt_android-sqlite-asset-helper,0,0,9,,,,
193_singwhatiwanna_android-art-res,0,0,107,,,,
194_googlesamples_androidtv-leanback,0,0,38,,,,
195_philjay_mpandroidchart,0,0,220,,,,
196_acra_acra,0,0,165,,,,
197_skyfishjy_android-ripple-background,0,0,2,,,,
198_camerakit_blurkit-android,0,0,8,,,,
199_googlesamples_android-play-billing,0,0,35,,,,
200_inloop_androidviewmodel,0,0,35,,,,
201_awslabs_aws-sdk-android-samples,0,0,73,,,,
202_hongyangandroid_android-percent-support-extend,0,0,16,,,,
203_nkzawa_socket.io-android-chat,0,0,8,,,,
204_gotev_android-upload-service,0,0,68,,,,
205_mylhyl_androidacp,0,0,12,,,,
206_linglongxin24_dylanstepcount,0,0,22,,,,
207_yigit_android-priority-jobqueue,0,0,173,,,,
208_thefinestartist_finestwebview-android,0,0,13,,,,
209_ramotion_cardslider-android,0,0,14,,,,
210_square_okhttp,0,0,329,,,,
211_zxing_zxing,0,0,501,,,,
212_stephentuso_welcome-android,0,0,61,,,,
213_esri_arcgis-runtime-samples-android,0,0,136,,,,
214_loopj_android-smart-image-view,0,0,7,,,,
215_sqlcipher_android-database-sqlcipher,0,0,50,,,,
216_eclipse_paho.mqtt.android,0,0,53,,,,
217_akexorcist_android-bluetoothspplibrary,0,0,12,,,,
218_guardianproject_chatsecureandroid,37,20,225,"javax.crypto.BadPaddingException
javax.crypto.Cipher
javax.crypto.IllegalBlockSizeException
javax.crypto.spec.IvParameterSpec
javax.crypto.spec.SecretKeySpec
javax.crypto.Cipher
javax.crypto.BadPaddingException
javax.crypto.Cipher
javax.crypto.IllegalBlockSizeException
javax.crypto.NoSuchPaddingException
javax.crypto.Cipher
javax.crypto.NoSuchPaddingException
javax.crypto.SecretKey
javax.crypto.SecretKeyFactory
javax.crypto.spec.PBEKeySpec
javax.crypto.spec.PBEParameterSpec
javax.crypto.interfaces.DHPublicKey
javax.crypto.interfaces.DHPublicKey
javax.crypto.interfaces.DHPublicKey
javax.crypto.interfaces.DHPublicKey
javax.crypto.interfaces.DHPublicKey
javax.crypto.interfaces.DHPublicKey
javax.crypto.interfaces.DHPublicKey
javax.crypto.interfaces.DHPublicKey
javax.crypto.KeyAgreement
javax.crypto.interfaces.DHPrivateKey
javax.crypto.interfaces.DHPublicKey
javax.crypto.spec.DHPrivateKeySpec
javax.crypto.spec.DHPublicKeySpec
javax.crypto.spec.SecretKeySpec
javax.crypto.interfaces.DHPublicKey
javax.crypto.interfaces.DHPublicKey
javax.crypto.interfaces.DHPublicKey
javax.crypto.interfaces.DHPublicKey
javax.crypto.interfaces.DHPublicKey
javax.crypto.interfaces.DHPublicKey
javax.crypto.interfaces.DHPublicKey",,,
219_orhanobut_logger,0,0,14,,,,
220_chrisbanes_cheesesquare,0,0,4,,,,
221_makovkastar_floatingactionbutton,0,0,10,,,,
222_bingoogolapple_bgabadgeview-android,0,0,13,,,,
223_osmdroid_osmdroid,0,0,510,,,,
224_jiangdongguo_androidusbcamera,0,0,36,,,,
225_zzz40500_android-shapeloadingview,0,0,8,,,,
226_jaredrummler_androiddevicenames,0,0,2,,,,
227_diegodobelo_androidexpandingviewlibrary,0,0,8,,,,
228_googlesamples_android-bluetoothchat,0,0,12,,,,
229_wyouflf_xutils3,0,0,145,,,,
230_xsavikx_androidscreencast,0,0,74,,,,
231_kaopiz_android-segmented-control,0,0,11,,,,
232_mendhak_gpslogger,0,0,131,,,,
233_hongyangandroid_android-stickynavlayout,0,0,6,,,,
234_polidea_rxandroidble,0,0,179,,,,
235_limpoxe_android-plugin-framework,0,0,245,,,,
236_googlesamples_android-fingerprintdialog,6,1,4,"javax.crypto.BadPaddingException
javax.crypto.Cipher
javax.crypto.IllegalBlockSizeException
javax.crypto.KeyGenerator
javax.crypto.NoSuchPaddingException
javax.crypto.SecretKey",,,
237_schwabe_ics-openvpn,12,3,110,"javax.crypto.BadPaddingException
javax.crypto.Cipher
javax.crypto.IllegalBlockSizeException
javax.crypto.NoSuchPaddingException
javax.crypto.BadPaddingException
javax.crypto.Cipher
javax.crypto.IllegalBlockSizeException
javax.crypto.NoSuchPaddingException
javax.crypto.BadPaddingException
javax.crypto.Cipher
javax.crypto.IllegalBlockSizeException
javax.crypto.NoSuchPaddingException",,,
238_diogobernardino_williamchart,0,0,50,,,,
239_bluejamesbond_textjustify-android,0,0,47,,,,
240_orhanobut_dialogplus,0,0,17,,,,
241_ramotion_paper-onboarding-android,0,0,18,,,,
242_todotxt_todo.txt-android,0,0,93,,,,
243_suzeyu1992_repo,0,0,1,,,,
244_delight-im_android-advancedwebview,0,0,2,,,,
245_k9mail_k-9,0,0,645,,,,
246_quickblox_quickblox-android-sdk,0,0,209,,,,
247_libgdx_libgdx,0,0,2328,,,,
248_vekexasia_android-edittext-validator,0,0,38,,,,
249_androidvts_android-vts,0,0,184,,,,
250_poiuytrez_androidinappbilling,0,0,11,,,,
251_andkulikov_transitions-everywhere,0,0,68,,,,
252_mixpanel_mixpanel-android,0,0,127,,,,
253_android-notes_androidscreenshareandcontrol,0,0,15,,,,
254_googlesamples_android-runtimepermissions,0,0,6,,,,
255_folioreader_folioreader-android,0,0,81,,,,
256_jakewharton_butterknife,0,0,132,,,,
257_fossasia_pslab-android,0,0,166,,,,
258_googlesamples_android-camera2video,0,0,3,,,,
259_clans_floatingactionbutton,0,0,9,,,,
260_mcharmas_android-reactivelocation,0,0,42,,,,
261_litesuits_android-lite-orm,0,0,80,,,,
262_romannurik_android-wizardpager,0,0,18,,,,
263_vector-im_riot-android,0,0,199,,,,
264_mindorksopensource_android-mvvm-architecture,0,0,96,,,,
265_googlesamples_android-bluetoothlegatt,0,0,4,,,,
266_apollographql_apollo-android,0,0,312,,,,
267_felixpalmer_android-visualizer,0,0,11,,,,
268_paypal_paypal-android-sdk,0,0,3,,,,
269_zetbaitsu_compressor,0,0,8,,,,
270_petrnohejl_android-templates-and-utilities,0,0,176,,,,
271_simpligility_android-maven-plugin,0,0,628,,,,
272_yalantis_starwars.android,0,0,35,,,,
273_siwangqishiq_imageeditor-android,0,0,69,,,,
274_google-developer-training_android-advanced,0,0,92,,,,
275_yatoooon_androidscreenadaptation,0,0,24,,,,
276_gsuitedevs_android-samples,0,0,41,,,,
277_huangyz0918_androidwm,0,0,27,,,,
278_kanytu_android-parallax-recyclerview,0,0,3,,,,
279_beesx_beesandroid,0,0,21,,,,
280_google_cameraview,0,0,24,,,,
281_chillingvan_androidinstantvideo,0,0,33,,,,
282_alibaba_atlas,0,0,1213,,,,
283_square_assertj-android,0,0,423,,,,
284_kontalk_androidclient,0,0,395,,,,
285_gabrielemariotti_cardslib,0,0,266,,,,
286_googlesamples_android-fit,0,0,31,,,,
287_automattic_simplenote-android,0,0,65,,,,
288_square_picasso,0,0,73,,,,
289_chrisjenx_calligraphy,0,0,16,,,,
290_mindorksopensource_androidtensorflowmnistexample,0,0,8,,,,
291_chat-sdk_chat-sdk-android,0,0,210,,,,
292_googlesamples_android-nearby,0,0,15,,,,
293_almeros_android-gesture-detectors,0,0,5,,,,
294_googlesamples_android-testing-templates,0,0,13,,,,
295_stripe_stripe-android,0,0,183,,,,
296_mycelium-com_wallet-android,12,3,873,"javax.crypto.BadPaddingException
javax.crypto.Cipher
javax.crypto.IllegalBlockSizeException
javax.crypto.SecretKey
javax.crypto.SecretKeyFactory
javax.crypto.spec.IvParameterSpec
javax.crypto.spec.PBEKeySpec
javax.crypto.spec.SecretKeySpec
javax.crypto.Mac
javax.crypto.spec.SecretKeySpec
javax.crypto.Mac
javax.crypto.spec.SecretKeySpec",,,
297_jasonette_jasonette-android,0,0,50,,,,
298_antennapod_antennapod,0,0,366,,,,
299_square_leakcanary,0,0,84,,,,
300_jd-alexander_google-directions-android,0,0,12,,,,
301_hoang8f_android-flat-button,0,0,3,,,,
302_bingoogolapple_bgaphotopicker-android,0,0,53,,,,
303_ericwlange_androidjscore,0,0,60,,,,
304_r17171709_android_demo,0,0,302,,,,
305_commons-app_apps-android-commons,0,0,236,,,,
306_mcxiaoke_android-next,6,1,184,"javax.crypto.Cipher
javax.crypto.SecretKey
javax.crypto.SecretKeyFactory
javax.crypto.spec.IvParameterSpec
javax.crypto.spec.PBEKeySpec
javax.crypto.spec.SecretKeySpec",,,
307_valuesfeng_androidpicturepicker,0,0,28,,,,
308_googlecodelabs_android-testing,0,0,38,,,,
309_lopspower_androidwebserver,0,0,2,,,,
310_ramotion_garland-view-android,0,0,32,,,,
311_google_santa-tracker-android,0,0,310,,,,
312_ramotion_expanding-collection-android,0,0,27,,,,
313_shwenzhang_andresguard,4,1,48,"javax.crypto.EncryptedPrivateKeyInfo
javax.crypto.SecretKey
javax.crypto.SecretKeyFactory
javax.crypto.spec.PBEKeySpec",,,
314_koush_ion,0,0,124,,,,
315_ukanth_afwall,8,2,121,"javax.crypto.Cipher
javax.crypto.KeyGenerator
javax.crypto.NoSuchPaddingException
javax.crypto.SecretKey
javax.crypto.Cipher
javax.crypto.SecretKey
javax.crypto.SecretKeyFactory
javax.crypto.spec.DESKeySpec",,,
316_txusballesteros_bubbles-for-android,0,0,8,,,,
317_mopub_mopub-android-sdk,0,0,521,,,,
318_tbruyelle_rxpermissions,0,0,6,,,,
319_wunderlist_android-sliding-layer-lib,0,0,8,,,,
320_badoo_android-weak-handler,0,0,3,,,,
321_zulip_zulip-android,0,0,137,,,,
322_rovo89_xposedinstaller,0,0,54,,,,
323_googlesamples_android-pictureinpicture,0,0,5,,,,
324_nightonke_boommenu,0,0,67,,,,
325_ribot_android-boilerplate,0,0,49,,,,
326_zagum_android-switchicon,0,0,2,,,,
327_coinomi_coinomi-android,2,1,316,"javax.crypto.Cipher
javax.crypto.spec.SecretKeySpec",,,
328_yyued_svgaplayer-android,0,0,11,,,,
329_medyo_android-about-page,0,0,4,,,,
330_mrwonderman_android-square-progressbar,0,0,10,,,,
331_huntermr_fastandroid,0,0,53,,,,
332_syncthing_syncthing-android,0,0,72,,,,
333_google_google-authenticator-android,7,4,71,"javax.crypto.Mac
javax.crypto.spec.SecretKeySpec
javax.crypto.Mac
javax.crypto.spec.SecretKeySpec
javax.crypto.Mac
javax.crypto.spec.SecretKeySpec
javax.crypto.Mac",,,
334_listenzz_androidnavigation,0,0,61,,,,
335_parse-community_parseui-android,0,0,29,,,,
336_firebase_firebase-jobdispatcher-android,0,0,68,,,,
337_anjlab_android-inapp-billing-v3,0,0,15,,,,
338_bingoogolapple_bgaswipebacklayout-android,0,0,28,,,,
339_moonlight-stream_moonlight-android,0,0,76,,,,
340_guoxiaoxing_android-open-source-project-analysis,0,0,139,,,,
341_kmshack_android-parallaxheaderviewpager,0,0,5,,,,
342_ribot_ribot-app-android,0,0,80,,,,
343_guoxiaoxing_android-interview-guide,0,0,3,,,,
344_emilsjolander_android-flipview,0,0,9,,,,
345_openshopio_openshop.io-android,0,0,153,,,,
346_mancj_slideup-android,0,0,13,,,,
347_wikimedia_apps-android-wikipedia,0,0,699,,,,
348_lygttpod_supertextview,0,0,15,,,,
349_tencent_tinker,0,0,233,,,,
350_traccar_traccar-client-android,0,0,21,,,,
351_alt236_bluetooth-le-library---android,0,0,77,,,,
352_akexorcist_android-roundcornerprogressbar,0,0,5,,,,
353_googlesamples_android-recyclerview,0,0,10,,,,
354_stepstone-tech_android-material-stepper,0,0,59,,,,
355_rogero0o_catloadingview,0,0,6,,,,
356_feicien_android-auto-update,0,0,12,,,,
357_processing_processing-android,0,0,125,,,,
358_dlew_joda-time-android,0,0,9,,,,
359_gelitenight_waveview,0,0,5,,,,
360_aliyun_alicloud-android-demo,2,1,85,"javax.crypto.Mac
javax.crypto.spec.SecretKeySpec",,,
361_qiniu_android-sdk,0,0,64,,,,
362_calebfenton_simplify,21,4,223,"javax.crypto.CipherSpi
javax.crypto.interfaces.PBEKey
javax.crypto.spec.PBEKeySpec
javax.crypto.Cipher
javax.crypto.KeyGenerator
javax.crypto.Mac
javax.crypto.SecretKey
javax.crypto.SecretKeyFactory
javax.crypto.spec.IvParameterSpec
javax.crypto.spec.PBEKeySpec
javax.crypto.spec.SecretKeySpec
javax.crypto.BadPaddingException
javax.crypto.Cipher
javax.crypto.IllegalBlockSizeException
javax.crypto.NoSuchPaddingException
javax.crypto.SecretKey
javax.crypto.SecretKeyFactory
javax.crypto.spec.DESKeySpec
javax.crypto.Cipher
javax.crypto.SecretKey
javax.crypto.spec.SecretKeySpec",,,
363_jsonchao_awesome-wanandroid,0,0,236,,,,
364_hezaijin_slantedtextview,0,0,6,,,,
365_xinghongfei_looklook,0,0,94,,,,
366_hotchemi_android-rate,0,0,11,,,,
367_camnter_androidlife,0,0,885,,,,
368_bpellin_keepassdroid,74,22,245,"javax.crypto.BadPaddingException
javax.crypto.Cipher
javax.crypto.CipherOutputStream
javax.crypto.IllegalBlockSizeException
javax.crypto.NoSuchPaddingException
javax.crypto.BadPaddingException
javax.crypto.Cipher
javax.crypto.IllegalBlockSizeException
javax.crypto.NoSuchPaddingException
javax.crypto.spec.IvParameterSpec
javax.crypto.spec.SecretKeySpec
javax.crypto.BadPaddingException
javax.crypto.Cipher
javax.crypto.IllegalBlockSizeException
javax.crypto.KeyGenerator
javax.crypto.SecretKey
javax.crypto.spec.IvParameterSpec
javax.crypto.Cipher
javax.crypto.NoSuchPaddingException
javax.crypto.spec.IvParameterSpec
javax.crypto.spec.SecretKeySpec
javax.crypto.Mac
javax.crypto.Cipher
javax.crypto.NoSuchPaddingException
javax.crypto.spec.IvParameterSpec
javax.crypto.spec.SecretKeySpec
javax.crypto.Cipher
javax.crypto.NoSuchPaddingException
javax.crypto.spec.IvParameterSpec
javax.crypto.spec.SecretKeySpec
javax.crypto.Cipher
javax.crypto.NoSuchPaddingException
javax.crypto.spec.IvParameterSpec
javax.crypto.spec.SecretKeySpec
javax.crypto.Cipher
javax.crypto.NoSuchPaddingException
javax.crypto.BadPaddingException
javax.crypto.Cipher
javax.crypto.CipherSpi
javax.crypto.IllegalBlockSizeException
javax.crypto.NoSuchPaddingException
javax.crypto.ShortBufferException
javax.crypto.spec.IvParameterSpec
javax.crypto.Cipher
javax.crypto.NoSuchPaddingException
javax.crypto.ShortBufferException
javax.crypto.spec.SecretKeySpec
javax.crypto.Cipher
javax.crypto.Mac
javax.crypto.spec.SecretKeySpec
javax.crypto.Mac
javax.crypto.spec.SecretKeySpec
javax.crypto.Cipher
javax.crypto.CipherOutputStream
javax.crypto.spec.IvParameterSpec
javax.crypto.spec.SecretKeySpec
javax.crypto.Cipher
javax.crypto.CipherOutputStream
javax.crypto.Cipher
javax.crypto.NoSuchPaddingException
javax.crypto.BadPaddingException
javax.crypto.Cipher
javax.crypto.IllegalBlockSizeException
javax.crypto.NoSuchPaddingException
javax.crypto.ShortBufferException
javax.crypto.spec.IvParameterSpec
javax.crypto.spec.SecretKeySpec
javax.crypto.Cipher
javax.crypto.NullCipher
javax.crypto.Mac
javax.crypto.spec.SecretKeySpec
javax.crypto.Mac
javax.crypto.Mac
javax.crypto.spec.SecretKeySpec",,,
369_athkalia_just-another-android-app,0,0,133,,,,
370_yanzhenjie_andpermission,0,0,67,,,,
371_balsikandar_android-studio-plugins,0,0,1,,,,
372_attenzione_android-colorpickerpreference,0,0,7,,,,
373_ramotion_circle-menu-android,0,0,7,,,,
374_bugsnag_bugsnag-android,0,0,144,,,,
375_stormzhang_9gag,0,0,55,,,,
376_serso_android-checkout,0,0,106,,,,
377_piasy_rxandroidaudio,0,0,10,,,,
378_aws-amplify_aws-sdk-android,54,22,8614,"javax.crypto.Mac
javax.crypto.spec.SecretKeySpec
javax.crypto.Mac
javax.crypto.spec.SecretKeySpec
javax.crypto.Mac
javax.crypto.SecretKey
javax.crypto.ShortBufferException
javax.crypto.spec.SecretKeySpec
javax.crypto.Mac
javax.crypto.spec.SecretKeySpec
javax.crypto.Mac
javax.crypto.spec.SecretKeySpec
javax.crypto.Mac
javax.crypto.spec.SecretKeySpec
javax.crypto.Cipher
javax.crypto.SecretKey
javax.crypto.BadPaddingException
javax.crypto.Cipher
javax.crypto.IllegalBlockSizeException
javax.crypto.SecretKey
javax.crypto.KeyGenerator
javax.crypto.SecretKey
javax.crypto.spec.SecretKeySpec
javax.crypto.Cipher
javax.crypto.Cipher
javax.crypto.KeyGenerator
javax.crypto.SecretKey
javax.crypto.spec.IvParameterSpec
javax.crypto.spec.SecretKeySpec
javax.crypto.BadPaddingException
javax.crypto.Cipher
javax.crypto.IllegalBlockSizeException
javax.crypto.NoSuchPaddingException
javax.crypto.NullCipher
javax.crypto.SecretKey
javax.crypto.BadPaddingException
javax.crypto.IllegalBlockSizeException
javax.crypto.SecretKey
javax.crypto.Cipher
javax.crypto.NoSuchPaddingException
javax.crypto.SecretKey
javax.crypto.spec.IvParameterSpec
javax.crypto.Cipher
javax.crypto.SecretKey
javax.crypto.Cipher
javax.crypto.SecretKey
javax.crypto.spec.SecretKeySpec
javax.crypto.Cipher
javax.crypto.NoSuchPaddingException
javax.crypto.SecretKey
javax.crypto.CipherInputStream
javax.crypto.SecretKey
javax.crypto.SecretKey
javax.crypto.SecretKey",,,
379_addappcn_android-pickers,0,0,51,,,,
380_crosswall_android-coverflow,0,0,23,,,,
381_wendux_dsbridge-android,0,0,13,,,,
382_teamnewpipe_newpipe,0,0,239,,,,
383_skylot_jadx,0,0,582,,,,
384_dogriffiths_headfirstandroid,0,0,67,,,,
385_googlearchive_androiddrawing,0,0,9,,,,
386_googlesamples_android-screencapture,0,0,10,,,,
387_nextcloud_news-android,0,0,161,,,,
388_alex-jerry_android-ble,0,0,86,,,,
389_weizongwei5_androidscreenshot_sysapi,0,0,8,,,,
390_googlesamples_android-instant-apps,0,0,38,,,,
391_breadwallet_breadwallet-android,10,1,246,"javax.crypto.BadPaddingException
javax.crypto.Cipher
javax.crypto.CipherInputStream
javax.crypto.CipherOutputStream
javax.crypto.IllegalBlockSizeException
javax.crypto.KeyGenerator
javax.crypto.NoSuchPaddingException
javax.crypto.SecretKey
javax.crypto.spec.GCMParameterSpec
javax.crypto.spec.IvParameterSpec",,,
392_telerik_android-samples,0,0,291,,,,
393_ksvc_ksystreamer_android,0,0,118,,,,
394_couchbase_couchbase-lite-android,0,0,163,,,,
395_kongqw_opencvforandroid,0,0,136,,,,
396_jaredrummler_androidshell,0,0,5,,,,
397_roomorama_androidcountrypicker,0,0,5,,,,
398_twitter_twitter-kit-android,3,1,365,"javax.crypto.Mac
javax.crypto.SecretKey
javax.crypto.spec.SecretKeySpec",,,
399_sromku_android-storage,12,4,24,"javax.crypto.SecretKeyFactory
javax.crypto.spec.PBEKeySpec
javax.crypto.BadPaddingException
javax.crypto.Cipher
javax.crypto.IllegalBlockSizeException
javax.crypto.NoSuchPaddingException
javax.crypto.SecretKey
javax.crypto.spec.IvParameterSpec
javax.crypto.spec.SecretKeySpec
javax.crypto.Cipher
javax.crypto.CipherOutputStream
javax.crypto.Cipher",,,
400_openid_appauth-android,0,0,94,,,,
402_googlecodelabs_android-lifecycles,0,0,16,,,,
403_pingplusplus_pingpp-android,0,0,5,,,,
404_orgzly_orgzly-android,0,0,213,,,,
405_lyft_scissors,0,0,20,,,,
406_labexp_osmtracker-android,0,0,65,,,,
407_dialogflow_dialogflow-android-client,0,0,43,,,,
408_kaedea_android-tagview,0,0,12,,,,
409_openhab_openhab-android,0,0,85,,,,
410_nordicsemiconductor_android-nrf-toolbox,0,0,149,,,,
411_asystat_final-android-resizer,0,0,5,,,,
412_onebusaway_onebusaway-android,0,0,317,,,,
413_googlesamples_android-jobscheduler,0,0,9,,,,
414_square_dagger,0,0,123,,,,
415_kaedea_android-mvp-pattern,0,0,40,,,,
416_blackcj_androidcustomkeyboard,0,0,10,,,,
417_florent37_viewanimator,0,0,11,,,,
418_google_blockly-android,0,0,187,,,,
419_countly_countly-sdk-android,0,0,51,,,,
420_karumi_katasuperheroesandroid,0,0,24,,,,
421_chrislacy_tweetlanes,0,0,152,,,,
422_mitchtabian_android-instagram-clone,0,0,94,,,,
423_artem-zinnatullin_qualitymatters,0,0,98,,,,
424_googlecloudplatform_android-docs-samples,0,0,31,,,,
425_ocnyang_android-animation-set,0,0,46,,,,
426_butterproject_butter-android,5,1,592,"javax.crypto.Cipher
javax.crypto.SecretKey
javax.crypto.SecretKeyFactory
javax.crypto.spec.PBEKeySpec
javax.crypto.spec.PBEParameterSpec",,,
427_klinker41_android-smsmms,0,0,206,,,,
428_layerhq_atlas-android,0,0,50,,,,
429_applozic_applozic-android-sdk,2,1,312,"javax.crypto.Cipher
javax.crypto.spec.SecretKeySpec",,,
430_cmusphinx_pocketsphinx-android-demo,0,0,2,,,,
431_bmarrdev_android-decoview-charting,0,0,30,,,,
432_halfhp_androidplot,0,0,187,,,,
433_chyrta_androidonboarder,0,0,11,,,,
434_sephiroth74_android-target-tooltip,0,0,2,,,,
435_arcadefire_nice-spinner,0,0,6,,,,
436_500px_greedo-layout-for-android,0,0,9,,,,
437_dji-sdk_mobile-sdk-android,0,0,68,,,,
438_geeeeeeeeek_wechatluckymoney,0,0,13,,,,
439_ashqal_md360player4android,0,0,119,,,,
440_openfoodfacts_openfoodfacts-androidapp,0,0,204,,,,
441_forcedotcom_salesforcemobilesdk-android,6,3,290,"javax.crypto.Cipher
javax.crypto.KeyGenerator
javax.crypto.Cipher
javax.crypto.Mac
javax.crypto.spec.IvParameterSpec
javax.crypto.spec.SecretKeySpec",,,
442_routerkeygen_routerkeygenandroid,0,0,122,,,,
443_bumptech_glide,0,0,629,,,,
444_teamamaze_amazefilemanager,11,2,262,"javax.crypto.Cipher
javax.crypto.KeyGenerator
javax.crypto.SecretKey
javax.crypto.spec.GCMParameterSpec
javax.crypto.Cipher
javax.crypto.CipherInputStream
javax.crypto.CipherOutputStream
javax.crypto.KeyGenerator
javax.crypto.spec.GCMParameterSpec
javax.crypto.spec.IvParameterSpec
javax.crypto.spec.SecretKeySpec",,,
445_facebook_screenshot-tests-for-android,0,0,39,,,,
446_81813780_avloadingindicatorview,0,0,35,,,,
447_lipangit_jiaozivideoplayer,0,0,51,,,,
448_geniusgithub_androiddialer,0,0,367,,,,
449_yqritc_android-scalablevideoview,0,0,8,,,,
450_mikeortiz_touchimageview,0,0,8,,,,
451_glucosio_glucosio-android,0,0,129,,,,
452_wasabeef_recyclerview-animators,0,0,31,,,,
453_pierfrancescosoffritti_android-youtube-player,0,0,57,,,,
454_bookdash_bookdash-android-app,0,0,106,,,,
455_gcssloop_encrypt,16,5,16,"javax.crypto.Cipher
javax.crypto.Cipher
javax.crypto.Cipher
javax.crypto.BadPaddingException
javax.crypto.Cipher
javax.crypto.IllegalBlockSizeException
javax.crypto.KeyGenerator
javax.crypto.NoSuchPaddingException
javax.crypto.SecretKey
javax.crypto.spec.SecretKeySpec
javax.crypto.BadPaddingException
javax.crypto.Cipher
javax.crypto.IllegalBlockSizeException
javax.crypto.NoSuchPaddingException
javax.crypto.SecretKeyFactory
javax.crypto.spec.DESKeySpec",,,
456_naman14_algorithmvisualizer-android,0,0,49,,,,
457_todoroo_astrid,0,0,1259,,,,
458_oguzbilgener_circularfloatingactionmenu,0,0,15,,,,
459_mapbox_mapbox-android-demo,0,0,127,,,,
460_aiyaapp_aiyaeffectsandroid,0,0,154,,,,
461_klinker41_android-chips,0,0,18,,,,
462_splitter_android_packages_apps_apollomod,0,0,100,,,,
463_curzibn_luban,0,0,15,,,,
464_ibotpeaches_apktool,0,0,128,,,,
465_bither_bither-android,0,0,432,,,,
466_naman14_timber,0,0,164,,,,
467_alibaba_virtualview-android,0,0,205,,,,
468_pinguo-zhouwei_androidtrainingsimples,0,0,56,,,,
469_moezbhatti_qksms,0,0,152,,,,
470_ksvc_ksymediaplayer_android,0,0,110,,,,
471_109021017_android-topactivity,0,0,8,,,,
472_crashlytics_cannonball-android,0,0,25,,,,
473_googlearchive_firebase-login-demo-android,0,0,4,,,,
474_tony19_logback-android,0,0,793,,,,
475_microg_android_packages_apps_gmscore,0,0,213,,,,
476_ypresto_android-transcoder,0,0,33,,,,
477_k0shk0sh_fasthub,0,0,612,,,,
478_azoft_carousellayoutmanager,0,0,8,,,,
479_pedant_sweet-alert-dialog,0,0,6,,,,
480_shontauro_android-pulltorefresh-and-loadmore,0,0,8,,,,
481_jpkrause_androidproxysetter,0,0,4,,,,
482_nekocode_camerafilter,0,0,26,,,,
483_chiuki_advanced-textview,0,0,18,,,,
485_federicoiosue_omni-notes,1,1,166,javax.crypto.spec.DESKeySpec,,,
486_yukuku_androidbible,0,0,409,,,,
487_udacity_advancedandroid_emojify,0,0,5,,,,
488_mylhyl_android-zxing,0,0,59,,,,
489_duckduckgo_android-search-and-stories,0,0,229,,,,
490_yokeyword_fragmentation,0,0,124,,,,
491_misakuo_3dtagcloudandroid,0,0,13,,,,
492_googlesamples_android-ads,0,0,25,,,,
493_paolorotolo_appintro,0,0,26,,,,
494_anyrtc_anyrtc-rtmpc-android,0,0,43,,,,
495_reark_reark,0,0,136,,,,
496_adjust_android_sdk,0,0,140,,,,
497_dineshshetty_android-insecurebankv2,24,6,18,"javax.crypto.BadPaddingException
javax.crypto.IllegalBlockSizeException
javax.crypto.NoSuchPaddingException
javax.crypto.BadPaddingException
javax.crypto.IllegalBlockSizeException
javax.crypto.NoSuchPaddingException
javax.crypto.BadPaddingException
javax.crypto.IllegalBlockSizeException
javax.crypto.NoSuchPaddingException
javax.crypto.BadPaddingException
javax.crypto.Cipher
javax.crypto.IllegalBlockSizeException
javax.crypto.NoSuchPaddingException
javax.crypto.spec.IvParameterSpec
javax.crypto.spec.SecretKeySpec
javax.crypto.BadPaddingException
javax.crypto.IllegalBlockSizeException
javax.crypto.NoSuchPaddingException
javax.crypto.BadPaddingException
javax.crypto.Cipher
javax.crypto.IllegalBlockSizeException
javax.crypto.NoSuchPaddingException
javax.crypto.spec.IvParameterSpec
javax.crypto.spec.SecretKeySpec",,,
498_yankai-victor_loading,0,0,12,,,,
499_hypertrack_hypertrack-live-android,0,0,72,,,,
500_splitwise_tokenautocomplete,0,0,24,,,,
501_permissions-dispatcher_permissionsdispatcher,0,0,34,,,,
502_miserlou_android-sdk-samples,0,0,599,,,,
503_aslody_virtualapp,0,0,553,,,,
504_zeapo_android-password-store,2,1,34,"javax.crypto.Mac
javax.crypto.spec.SecretKeySpec",,,
505_scala-android_sbt-android,0,0,266,,,,
506_android10_android-aopexample,0,0,11,,,,
507_laobie_statusbarutil,0,0,12,,,,
508_chiclaim_androidupdater,0,0,10,,,,
509_espressifapp_esptouchforandroid,6,1,24,"javax.crypto.BadPaddingException
javax.crypto.Cipher
javax.crypto.IllegalBlockSizeException
javax.crypto.NoSuchPaddingException
javax.crypto.spec.IvParameterSpec
javax.crypto.spec.SecretKeySpec",,,
510_pengwei1024_androidsourceviewer,0,0,33,,,,
511_rey5137_material,0,0,78,,,,
512_vkcom_vk-android-sdk,0,0,109,,,,
513_curioustechizen_android-ago,0,0,9,,,,
514_googlesamples_android-autofillframework,0,0,348,,,,
515_douban_rexxar-android,0,0,60,,,,
516_mirakelx_mirakel-android,0,0,299,,,,
517_serso_android-calculatorpp,0,0,580,,,,
518_megatronking_svg-android,0,0,2179,,,,
519_payatu_diva-android,0,0,21,,,,
520_braintree_braintree_android,16,4,372,"javax.crypto.BadPaddingException
javax.crypto.IllegalBlockSizeException
javax.crypto.NoSuchPaddingException
javax.crypto.BadPaddingException
javax.crypto.IllegalBlockSizeException
javax.crypto.NoSuchPaddingException
javax.crypto.BadPaddingException
javax.crypto.IllegalBlockSizeException
javax.crypto.NoSuchPaddingException
javax.crypto.BadPaddingException
javax.crypto.Cipher
javax.crypto.IllegalBlockSizeException
javax.crypto.Mac
javax.crypto.NoSuchPaddingException
javax.crypto.spec.IvParameterSpec
javax.crypto.spec.SecretKeySpec",,,
521_freeotp_freeotp-android,2,1,20,"javax.crypto.Mac
javax.crypto.spec.SecretKeySpec",,,
522_requery_sqlite-android,0,0,38,,,,
523_alibaba_arouter,0,0,76,,,,
524_amitshekhariitbhu_awesome-android-things,0,0,2,,,,
525_instacart_truetime-android,0,0,12,,,,
526_cymchad_baserecyclerviewadapterhelper,0,0,96,,,,
527_romandanylyk_pageindicatorview,0,0,55,,,,
528_frozenfreefall_android-tv-widget,0,0,94,,,,
529_woxingxiao_bubbleseekbar,0,0,11,,,,
530_nelenkov_android-backup-extractor,6,1,2,"javax.crypto.Cipher
javax.crypto.CipherInputStream
javax.crypto.CipherOutputStream
javax.crypto.SecretKey
javax.crypto.spec.IvParameterSpec
javax.crypto.spec.SecretKeySpec",,,
531_angads25_android-filepicker,0,0,18,,,,
532_konifar_android-material-design-icon-generator-plugin,0,0,5,,,,
533_prey_prey-android-client,0,0,217,,,,
534_florent37_androidparallax,0,0,6,,,,
535_mozilla_mozstumbler,0,0,282,,,,
536_kabouzeid_phonograph,0,0,202,,,,
537_slapperwan_gh4a,0,0,222,,,,
538_appium_android-apidemos,0,0,396,,,,
539_googlesamples_android-xyztouristattractions,0,0,18,,,,
540_razerdp_basepopup,0,0,82,,,,
541_leandroborgesferreira_loadingbuttonandroid,0,0,13,,,,
542_hieuapp_android-firebase-chat,0,0,24,,,,
543_h07000223_flycodialog_master,0,0,81,,,,
544_jaredrummler_animatedsvgview,0,0,4,,,,
545_kobakei_android-ratethisapp,0,0,3,,,,
546_nanchen2251_studyforandroid,0,0,1,,,,
548_wvector_appupdate,0,0,27,,,,
549_segmentio_analytics-android,0,0,81,,,,
550_shashank02051997_fancytoast-android,0,0,6,,,,
551_aspsine_multithreaddownload,0,0,47,,,,
552_googlesamples_android-play-publisher-api,0,0,12,,,,
553_googlesamples_android-testdpc,0,0,126,,,,
554_codepath_intro_android_demo,0,0,28,,,,
555_cjt2325_cameraview,0,0,45,,,,
556_lopspower_circularimageview,0,0,2,,,,
557_etar-group_etar-calendar,0,0,116,,,,
558_anitaa1990_android-cheat-sheet,0,0,105,,,,
559_nhmoedev_nhentai-android,0,0,19,,,,
560_balysv_material-ripple,0,0,4,,,,
561_booncol_pulsator4droid,0,0,4,,,,
562_ilanyu_reverseproxy-android,0,0,3,,,,
563_evernote_evernote-sdk-android,0,0,66,,,,
564_runner365_android_rtmppush_sdk,0,0,20,,,,
565_cyanogenmod_android_packages_apps_calculator,0,0,60,,,,
566_deano2390_materialshowcaseview,0,0,22,,,,
567_lzyzsd_jsbridge,0,0,9,,,,
568_neild001_seekarc,0,0,6,,,,
569_termux_termux-app,0,0,48,,,,
570_googlesamples_android-cardview,0,0,3,,,,
571_quadflask_colorpicker,0,0,26,,,,
572_prolificinteractive_material-calendarview,0,0,57,,,,
573_douglasjunior_android-simple-tooltip,0,0,5,,,,
574_vinsonguo_android-kline,0,0,208,,,,
575_googlesamples_android-multiwindowplayground,0,0,14,,,,
576_passy_android-directorychooser,0,0,8,,,,
577_christophesmet_android_maskable_layout,0,0,2,,,,
578_aliyun_aliyun-oss-android-sdk,2,1,160,"javax.crypto.Mac
javax.crypto.spec.SecretKeySpec",,,
579_flavioarfaria_kenburnsview,0,0,11,,,,
580_googlesamples_android-pdfrendererbasic,0,0,3,,,,
581_thest1_lazylist,0,0,6,,,,
582_quickblox_q-municate-android,0,0,270,,,,
583_dreamingincodezh_douya,2,1,716,"javax.crypto.Mac
javax.crypto.spec.SecretKeySpec",,,
584_open-keychain_open-keychain,18,4,579,"javax.crypto.BadPaddingException
javax.crypto.Cipher
javax.crypto.IllegalBlockSizeException
javax.crypto.spec.IvParameterSpec
javax.crypto.Cipher
javax.crypto.NoSuchPaddingException
javax.crypto.spec.SecretKeySpec
javax.crypto.BadPaddingException
javax.crypto.Cipher
javax.crypto.IllegalBlockSizeException
javax.crypto.KeyAgreement
javax.crypto.Mac
javax.crypto.NoSuchPaddingException
javax.crypto.SecretKey
javax.crypto.spec.IvParameterSpec
javax.crypto.spec.SecretKeySpec
javax.crypto.SecretKey
javax.crypto.spec.SecretKeySpec",,,
585_bingoogolapple_bgabaseadapter-android,0,0,51,,,,
586_onesignal_onesignal-android-sdk,0,0,156,,,,
587_pxb1988_dex2jar,0,0,328,,,,
588_everythingme_overscroll-decor,0,0,35,,,,
589_codepath_android-rest-client-template,0,0,6,,,,
590_ftctechnh_ftc_app,0,0,44,,,,
591_easemob_sdkdemoapp3.0_android,0,0,133,,,,
592_wutongke_androidskinanimator,0,0,116,,,,
593_kaichunlin_android-transition,0,0,58,,,,
594_tzutalin_dlib-android-app,0,0,17,,,,
595_igreenwood_simplecropview,0,0,25,,,,
596_agasper_unity-android-notifications,0,0,3,,,,
597_aigestudio_datepicker,0,0,20,,,,
598_simplezhli_androidut,0,0,0,,,,
599_didi_virtualapk,0,0,84,,,,
600_willblaschko_alexaandroid,0,0,114,,,,
601_codemybrainsout_ahoy-onboarding,0,0,15,,,,
602_wordpress-mobile_passcodelock-android,4,1,13,"javax.crypto.Cipher
javax.crypto.SecretKey
javax.crypto.SecretKeyFactory
javax.crypto.spec.DESKeySpec",,,
603_edx_edx-app-android,0,0,811,,,,
604_haiwen_seadroid,10,2,230,"javax.crypto.BadPaddingException
javax.crypto.IllegalBlockSizeException
javax.crypto.NoSuchPaddingException
javax.crypto.BadPaddingException
javax.crypto.Cipher
javax.crypto.IllegalBlockSizeException
javax.crypto.NoSuchPaddingException
javax.crypto.SecretKey
javax.crypto.spec.IvParameterSpec
javax.crypto.spec.SecretKeySpec",,,
605_orhanobut_hawk,0,0,20,,,,
606_wustor_androidcomponent,0,0,50,,,,
607_akexorcist_android-googledirectionlibrary,0,0,46,,,,
608_seven332_ehviewer,0,0,266,,,,
609_jcarolus_android-chess,0,0,75,,,,
610_googlesamples_android-navigationdrawer,0,0,10,,,,
611_googlesamples_android-emojicompat,0,0,3,,,,
612_cloudrail_cloudrail-si-android-sdk,0,0,31,,,,
613_nordicsemiconductor_android-dfu-library,0,0,46,,,,
614_yanzhenjie_album,0,0,106,,,,
615_willowtreeapps_hyperion-android,0,0,219,,,,
616_felhr85_usbserial,0,0,38,,,,
617_keklikhasan_ldrawer,0,0,3,,,,
618_ubergeek42_weechat-android,0,0,109,,,,
619_wallabag_android-app,0,0,95,,,,
620_hidroh_materialistic,0,0,219,,,,
621_googlearchive_drive-android-quickstart,0,0,1,,,,
622_cheikh-wang_lazywaimai-android,2,1,187,"javax.crypto.Mac
javax.crypto.spec.SecretKeySpec",,,
623_kiwix_kiwix-android,0,0,157,,,,
624_esafirm_android-image-picker,0,0,55,,,,
625_openxc_openxc-android,0,0,231,,,,
626_michael-rapp_androidbottomsheet,0,0,11,,,,
627_googlesamples_android-mediarecorder,0,0,3,,,,
628_hypertrack_smart-scheduler-android,0,0,13,,,,
629_jd-alexander_likebutton,0,0,11,,,,
630_f2prateek_rx-preferences,0,0,19,,,,
631_googlesamples_android-watchface,0,0,17,,,,
632_zo0r_react-native-push-notification,0,0,14,,,,
633_googlesamples_android-mediabrowserservice,0,0,9,,,,
634_googlecodelabs_android-persistence,0,0,25,,,,
635_medyo_fancybuttons,0,0,5,,,,
636_klinker24_talon-for-twitter-android,2,1,383,"javax.crypto.Mac
javax.crypto.spec.SecretKeySpec",,,
637_lucasferreira_react-native-webview-android,0,0,7,,,,
638_uccmawei_fingerprintidentify,4,2,12,"javax.crypto.Cipher
javax.crypto.Mac
javax.crypto.Cipher
javax.crypto.Mac",,,
639_cgeo_cgeo,2,1,779,"javax.crypto.Mac
javax.crypto.spec.SecretKeySpec",,,
640_1gravity_android-rteditor,0,0,166,,,,
641_googlesamples_androidtv-sample-inputs,0,0,48,,,,
642_7heaven_shsegmentcontrol,0,0,5,,,,
643_appcanopensource_appcan-android,0,0,214,,,,
644_fossasia_open-event-droidgen,0,0,199,,,,
645_radzio_android-data-binding-recyclerview,0,0,18,,,,
646_square_retrofit,0,0,238,,,,
647_wdullaer_materialdatetimepicker,0,0,43,,,,
648_tyzlmjj_pagerbottomtabstrip,0,0,42,,,,
649_realm_realm-android-adapters,0,0,17,,,,
650_alexvasilkov_foldablelayout,0,0,14,,,,
651_amitshekhariitbhu_flatbuffer,0,0,10,,,,
652_googlesamples_android-notificationchannels,0,0,2,,,,
653_consenlabs_token-core-android,5,2,97,"javax.crypto.Cipher
javax.crypto.spec.IvParameterSpec
javax.crypto.spec.SecretKeySpec
javax.crypto.Mac
javax.crypto.spec.SecretKeySpec",,,
654_yadav-rahul_tastytoast,0,0,13,,,,
655_secure-software-engineering_soot-infoflow-android,0,0,80,,,,
656_jpotts18_android-mvp,0,0,22,,,,
657_manas-chaudhari_android-mvvm,0,0,51,,,,
658_ennur_clean-android-code,0,0,16,,,,
659_topjohnwu_magiskmanager,3,1,78,"javax.crypto.Cipher
javax.crypto.KeyGenerator
javax.crypto.SecretKey",,,
660_hannahmitt_homemirror,0,0,27,,,,
661_xiaweizi_androidtoolsexample,0,0,10,,,,
662_justson_agentweb,0,0,126,,,,
663_lifengsofts_androiddownloader,0,0,47,,,,
664_h6ah4i_android-materialshadowninepatch,0,0,15,,,,
665_henrymorgen_android-advanced-light,0,0,175,,,,
666_qqchenjian318_videoeditor-for-android,0,0,87,,,,
667_ksvc_ksylive_android,0,0,180,,,,
668_wangtaot_androidocr,0,0,10,,,,
669_imgly_pesdk-android-demo,0,0,1,,,,
670_googlesamples_android-camera2raw,0,0,4,,,,
671_instantwebp2p_node-android,0,0,167,,,,
672_fanhua1994_xbaseandroid,18,5,163,"javax.crypto.Cipher
javax.crypto.BadPaddingException
javax.crypto.Cipher
javax.crypto.IllegalBlockSizeException
javax.crypto.KeyGenerator
javax.crypto.NoSuchPaddingException
javax.crypto.SecretKey
javax.crypto.spec.SecretKeySpec
javax.crypto.BadPaddingException
javax.crypto.Cipher
javax.crypto.IllegalBlockSizeException
javax.crypto.NoSuchPaddingException
javax.crypto.SecretKeyFactory
javax.crypto.spec.DESKeySpec
javax.crypto.Cipher
javax.crypto.Mac
javax.crypto.spec.SecretKeySpec
javax.crypto.Cipher",,,
673_fossasia_loklak_wok_android,2,1,54,"javax.crypto.Mac
javax.crypto.spec.SecretKeySpec",,,
674_commonsguy_cwac-wakeful,0,0,9,,,,
675_4thline_cling,0,0,801,,,,
676_altbeacon_android-beacon-library-reference,0,0,4,,,,
677_neamar_kiss,0,0,104,,,,
678_wuhenzhizao_android-titlebar,0,0,17,,,,
679_samourai-wallet_samourai-wallet-android,2,1,146,"javax.crypto.KeyAgreement
javax.crypto.SecretKey",,,
680_h6ah4i_android-verticalseekbar,0,0,5,,,,
681_hanks-zyh_htextview,0,0,55,,,,
682_bitstadium_hockeysdk-android,0,0,120,,,,
683_mg6maciej_android-maps-extensions,0,0,73,,,,
684_evernote_android-state,0,0,62,,,,
685_mcxiaoke_packer-ng-plugin,0,0,23,,,,
686_philippc_keepass2android,80,28,583,"javax.crypto.Cipher
javax.crypto.NoSuchPaddingException
javax.crypto.ShortBufferException
javax.crypto.spec.SecretKeySpec
javax.crypto.interfaces.PBEKey
javax.crypto.spec.PBEKeySpec
javax.crypto.BadPaddingException
javax.crypto.Cipher
javax.crypto.CipherSpi
javax.crypto.IllegalBlockSizeException
javax.crypto.NoSuchPaddingException
javax.crypto.ShortBufferException
javax.crypto.spec.IvParameterSpec
javax.crypto.spec.PBEParameterSpec
javax.crypto.spec.RC2ParameterSpec
javax.crypto.spec.RC5ParameterSpec
javax.crypto.spec.SecretKeySpec
javax.crypto.spec.PBEKeySpec
javax.crypto.spec.PBEParameterSpec
javax.crypto.Cipher
javax.crypto.NoSuchPaddingException
javax.crypto.SecretKey
javax.crypto.ShortBufferException
javax.crypto.spec.IvParameterSpec
javax.crypto.spec.PBEParameterSpec
javax.crypto.spec.RC2ParameterSpec
javax.crypto.spec.RC5ParameterSpec
javax.crypto.BadPaddingException
javax.crypto.Cipher
javax.crypto.IllegalBlockSizeException
javax.crypto.NoSuchPaddingException
javax.crypto.SecretKey
javax.crypto.ShortBufferException
javax.crypto.spec.IvParameterSpec
javax.crypto.spec.PBEParameterSpec
javax.crypto.Cipher
javax.crypto.NoSuchPaddingException
javax.crypto.spec.IvParameterSpec
javax.crypto.spec.SecretKeySpec
javax.crypto.BadPaddingException
javax.crypto.Cipher
javax.crypto.CipherSpi
javax.crypto.IllegalBlockSizeException
javax.crypto.NoSuchPaddingException
javax.crypto.ShortBufferException
javax.crypto.spec.IvParameterSpec
javax.crypto.Cipher
javax.crypto.NoSuchPaddingException
javax.crypto.ShortBufferException
javax.crypto.spec.SecretKeySpec
javax.crypto.Cipher
javax.crypto.CipherOutputStream
javax.crypto.spec.IvParameterSpec
javax.crypto.spec.SecretKeySpec
javax.crypto.BadPaddingException
javax.crypto.Cipher
javax.crypto.IllegalBlockSizeException
javax.crypto.NoSuchPaddingException
javax.crypto.ShortBufferException
javax.crypto.spec.IvParameterSpec
javax.crypto.spec.SecretKeySpec
javax.crypto.Cipher
javax.crypto.NullCipher
javax.crypto.spec
javax.crypto.spec
javax.crypto.spec
javax.crypto.spec
javax.crypto.spec
javax.crypto.spec.PBEKeySpec
javax.crypto.SecretKeyFactory
javax.crypto.spec
javax.crypto.spec
javax.crypto.spec
javax.crypto.spec
javax.crypto.spec
javax.crypto.spec
javax.crypto.spec
javax.crypto.spec
javax.crypto.spec
javax.crypto.spec",,,
687_google-ar_sceneform-android-sdk,0,0,35,,,,
688_dingjikerbo_android-camera,0,0,103,,,,
689_mylhyl_android-circledialog,0,0,73,,,,
690_1993hzw_androids,0,0,55,,,,
691_vanilla-music_vanilla,0,0,111,,,,
692_masayukisuda_bubblelayout,0,0,5,,,,
693_nbsp-team_materialfilepicker,0,0,17,,,,
694_kaaes_spotify-web-api-android,0,0,70,,,,
695_mapsme_api-android,0,0,9,,,,
696_googlesamples_android-messagingservice,0,0,7,,,,
697_mkch_android-wifi-connecter,0,0,15,,,,
698_azeesoft_androidphotoshopcolorpicker,0,0,13,,,,
699_android-notes_cockroach,0,0,18,,,,
700_isecpartners_android-ssl-trustkiller,0,0,2,,,,
701_google_hover,0,0,79,,,,
702_steelkiwi_cropiwa,0,0,43,,,,
703_takwolf_android-lock9view,0,0,5,,,,
704_duckdeck_androiddemo,0,0,148,,,,
705_yeungeek_monkey-android,0,0,110,,,,
706_123lxw123_videoworld_android,0,0,157,,,,
707_chillingvan_android-opengl-canvas,0,0,118,,,,
708_floens_clover,0,0,336,,,,
709_alorma_timelineview,0,0,7,,,,
710_iknow4_android-video-trimmer,0,0,20,,,,
711_iammert_dagger-android-injection,0,0,22,,,,
712_grenderg_toasty,0,0,7,,,,
713_codechimp-org_apprater,0,0,6,,,,
714_reneweb_androidasyncsocketexamples,0,0,6,,,,
715_microsoft_cognitive-face-android,0,0,66,,,,
716_haarigerharald_android-youtubeextractor,0,0,10,,,,
717_thevpaliy_android-login,0,0,19,,,,
718_sanathp_databasemanager_for_android,0,0,1,,,,
719_quangctkm9207_mvp-android-arch-component,0,0,39,,,,
720_tpcstld_2048,0,0,9,,,,
721_mmin18_realtimeblurview,0,0,5,,,,
722_jaredrummler_materialspinner,0,0,6,,,,
723_dlew_android-movies-demo,0,0,15,,,,
724_szugyi_android-circlemenu,0,0,7,,,,
725_leonardocardoso_android-link-preview,0,0,16,,,,
726_ashishbhandari_androidtabbeddialog,0,0,17,,,,
727_polyak01_iconswitch,0,0,6,,,,
728_dmfs_opentasks,0,0,344,,,,
729_googlesamples_android-displayingbitmaps,0,0,21,,,,
730_trustwallet_trust-wallet-android-source,7,1,170,"javax.crypto.Cipher
javax.crypto.CipherInputStream
javax.crypto.CipherOutputStream
javax.crypto.KeyGenerator
javax.crypto.NoSuchPaddingException
javax.crypto.SecretKey
javax.crypto.spec.IvParameterSpec",,,
731_trello_rxlifecycle,0,0,59,,,,
732_salecoding_wanandroid,0,0,84,,,,
733_ushahidi_smssync,0,0,307,,,,
734_turbolinks_turbolinks-android,0,0,17,,,,
735_jiang111_androidpush,0,0,19,,,,
736_cmusphinx_pocketsphinx-android,0,0,4,,,,
737_videolan_vlc-android,0,0,204,,,,
738_cloudant_sync-android,26,5,397,"javax.crypto.NoSuchPaddingException
javax.crypto.Cipher
javax.crypto.CipherOutputStream
javax.crypto.NoSuchPaddingException
javax.crypto.NullCipher
javax.crypto.spec.IvParameterSpec
javax.crypto.spec.SecretKeySpec
javax.crypto.Cipher
javax.crypto.CipherInputStream
javax.crypto.NoSuchPaddingException
javax.crypto.NullCipher
javax.crypto.spec.IvParameterSpec
javax.crypto.spec.SecretKeySpec
javax.crypto.BadPaddingException
javax.crypto.Cipher
javax.crypto.IllegalBlockSizeException
javax.crypto.NoSuchPaddingException
javax.crypto.SecretKey
javax.crypto.spec.IvParameterSpec
javax.crypto.spec.SecretKeySpec
javax.crypto.BadPaddingException
javax.crypto.IllegalBlockSizeException
javax.crypto.NoSuchPaddingException
javax.crypto.SecretKey
javax.crypto.SecretKeyFactory
javax.crypto.spec.PBEKeySpec",,,
739_google_android-transition-examples,0,0,7,,,,
740_jjoe64_graphview,0,0,23,,,,
741_jenkinsci_android-emulator-plugin,0,0,52,,,,
742_alibaba_ultraviewpager,0,0,16,,,,
743_googlesamples_android-basicandroidkeystore,0,0,11,,,,
744_jpush_jchat-android,0,0,380,,,,
745_huangyanbin_smarttable,0,0,150,,,,
746_kevalpatel2106_android-samples,0,0,101,,,,
747_fython_materialstepperview,0,0,17,,,,
748_moneymanagerex_android-money-manager-ex,16,3,513,"javax.crypto.Cipher
javax.crypto.SecretKey
javax.crypto.SecretKeyFactory
javax.crypto.spec.IvParameterSpec
javax.crypto.spec.PBEKeySpec
javax.crypto.spec.SecretKeySpec
javax.crypto.Cipher
javax.crypto.KeyGenerator
javax.crypto.SecretKey
javax.crypto.SecretKeyFactory
javax.crypto.spec.PBEKeySpec
javax.crypto.spec.SecretKeySpec
javax.crypto.Cipher
javax.crypto.KeyGenerator
javax.crypto.NoSuchPaddingException
javax.crypto.SecretKey",,,
749_jasonchenlijian_fastble,0,0,42,,,,
750_hugeterry_coordinatortablayout,0,0,14,,,,
751_googlesamples_android-credentials,0,0,17,,,,
752_eventtus_photo-editor-android,0,0,25,,,,
753_timehop_sticky-headers-recyclerview,0,0,16,,,,
754_amalchandran_trail-android,0,0,19,,,,
755_mewx_light-novel-library_wenku8_android,0,0,305,,,,
756_cookpad_puree-android,0,0,44,,,,
757_viliuskraujutis_androidbroadcastsmonitor,0,0,6,,,,
758_wirecube_android_additive_animations,0,0,42,,,,
759_android_android-test,0,0,794,,,,
760_avocarrot_json2view,0,0,15,,,,
761_tomroush_pdfbox-android,19,5,689,"javax.crypto.Cipher
javax.crypto.Cipher
javax.crypto.BadPaddingException
javax.crypto.Cipher
javax.crypto.CipherInputStream
javax.crypto.IllegalBlockSizeException
javax.crypto.NoSuchPaddingException
javax.crypto.SecretKey
javax.crypto.spec.IvParameterSpec
javax.crypto.spec.SecretKeySpec
javax.crypto.BadPaddingException
javax.crypto.Cipher
javax.crypto.IllegalBlockSizeException
javax.crypto.KeyGenerator
javax.crypto.NoSuchPaddingException
javax.crypto.SecretKey
javax.crypto.Cipher
javax.crypto.spec.IvParameterSpec
javax.crypto.spec.SecretKeySpec",,,
762_jayschwa_androidsliderpreference,0,0,2,,,,
763_jwtk_jjwt,12,7,116,"javax.crypto.KeyGenerator
javax.crypto.SecretKey
javax.crypto.Mac
javax.crypto.SecretKey
javax.crypto.spec.SecretKeySpec
javax.crypto.spec.SecretKeySpec
javax.crypto.SecretKey
javax.crypto.spec.SecretKeySpec
javax.crypto.SecretKey
javax.crypto.spec.SecretKeySpec
javax.crypto.SecretKey
javax.crypto.spec.SecretKeySpec",,,
764_simpligility_ksoap2-android,0,0,90,,,,
765_harjot-oberai_long-shadows,0,0,16,,,,
766_hitherejoe_vineyard,0,0,70,,,,
767_takusemba_multisnaprecyclerview,0,0,14,,,,
768_ryanhoo_stylishmusicplayer,0,0,83,,,,
769_mancj_materialsearchbar,0,0,13,,,,
770_wasabeef_blurry,0,0,5,,,,
771_gjson_androidtools,2,1,82,"javax.crypto.Cipher
javax.crypto.spec.SecretKeySpec",,,
772_askerov_dynamicgrid,0,0,8,,,,
773_uber_rides-android-sdk,0,0,64,,,,
774_google_google-authenticator,0,0,31,,,,
775_meituan-dianping_walle,0,0,50,,,,
776_googlesamples_android-basicsyncadapter,0,0,17,,,,
777_smartdevicelink_sdl_android,0,0,842,,,,
778_mukeshsolanki_country-picker-android,0,0,8,,,,
779_thoughtbot_expandable-recycler-view,0,0,47,,,,
780_web3j_web3j,6,1,527,"javax.crypto.BadPaddingException
javax.crypto.Cipher
javax.crypto.IllegalBlockSizeException
javax.crypto.NoSuchPaddingException
javax.crypto.spec.IvParameterSpec
javax.crypto.spec.SecretKeySpec",,,
781_delight-im_android-ddp,0,0,23,,,,
782_belkalab_android-toggle-switch,0,0,8,,,,
783_myjoybar_android-calendar-view,0,0,16,,,,
784_rozdoum_social-app-android,0,0,130,,,,
785_madebycm_androidbug5497workaround,0,0,3,,,,
786_dalong982242260_androidmarqueeview,0,0,6,,,,
787_facebook_fresco,0,0,884,,,,
788_amphiaraus_android-ratiolayout,0,0,28,,,,
789_jeanboydev_android-bithercompress,0,0,4,,,,
790_hzw1199_androidgpsstatus,0,0,10,,,,
791_offensive-security_nethunter-app,0,0,44,,,,
792_hypertrack_hyperlog-android,0,0,24,,,,
793_yandexmobile_yandexmapkit-android,0,0,24,,,,
794_winterdroid_android-drawable-importer-intellij-plugin,0,0,63,,,,
795_mogoweb_365browser,16,5,2509,"javax.crypto.Cipher
javax.crypto.KeyGenerator
javax.crypto.spec.IvParameterSpec
javax.crypto.spec.SecretKeySpec
javax.crypto.Cipher
javax.crypto.CipherInputStream
javax.crypto.CipherOutputStream
javax.crypto.Mac
javax.crypto.spec.SecretKeySpec
javax.crypto.Cipher
javax.crypto.CipherInputStream
javax.crypto.CipherOutputStream
javax.crypto.KeyGenerator
javax.crypto.Mac
javax.crypto.SecretKey
javax.crypto.spec.SecretKeySpec",,,
796_kollerlukas_camera-roll-android-app,0,0,107,,,,
797_googlesamples_android-bluetoothadvertisements,0,0,6,,,,
798_nodemedia_nodemediaclient-android,0,0,13,,,,
799_felipecsl_gifimageview,0,0,12,,,,
800_fabianterhorst_isometric,0,0,22,,,,
801_fabianterhorst_isometric,0,0,22,,,,
802_facebook_litho,0,0,1082,,,,
803_naiksoftware_stompprotocolandroid,0,0,18,,,,
804_mattermost_mattermost-android-classic,0,0,23,,,,
805_buglydevteam_bugly-android-demo,0,0,27,,,,
806_niorgai_android-resource-usage-count,0,0,9,,,,
807_maskarade_android-orma,0,0,257,,,,
808_chrisbanes_photoview,0,0,25,,,,
809_googlearchive_androidpay-quickstart,0,0,18,,,,
810_onlylemi_mapview,0,0,23,,,,
811_googlesamples_android-appshortcuts,0,0,4,,,,
812_udacity_ud867,0,0,191,,,,
813_gotev_android-speech,0,0,23,,,,
814_aslody_andhook,0,0,25,,,,
815_karumi_dexter,0,0,43,,,,
816_blitzkraig_androidresizer,0,0,3,,,,
817_panxw_android-image-indicator,0,0,9,,,,
818_chennaione_sugar,0,0,131,,,,
819_chainsdd_superuser,0,0,116,,,,
820_niranjan94_show-java,8,1,801,"javax.crypto.Cipher
javax.crypto.KeyGenerator
javax.crypto.Mac
javax.crypto.SecretKey
javax.crypto.SecretKeyFactory
javax.crypto.spec.IvParameterSpec
javax.crypto.spec.PBEKeySpec
javax.crypto.spec.SecretKeySpec",,,
821_karumi_katascreenshotandroid,0,0,20,,,,
822_coomar2841_android-multipicker-library,0,0,74,,,,
823_androiddevelop_aligntextview,0,0,16,,,,
824_amitshekhariitbhu_android-mvp-sample-application,0,0,25,,,,
825_tiann_understand-plugin-framework,0,0,60,,,,
826_hongyin163_react-native-chart-android,0,0,20,,,,
827_matomo-org_piwik-sdk-android,0,0,75,,,,
828_googlesamples_android-activenotifications,0,0,10,,,,
829_openproject_lesscode,0,0,50,,,,
830_rfreedman_android-ssl,0,0,9,,,,
831_zhihu_matisse,0,0,48,,,,
832_xm0625_vbrowser-android,0,0,44,,,,
833_tommy351_ehreader-android,0,0,101,,,,
834_kercer_kerkee_android,0,0,64,,,,
835_andresoviedo_android-3d-model-viewer,0,0,80,,,,
836_miracle2k_android-autostarts,0,0,33,,,,
837_meili_aceso,0,0,37,,,,
838_chadcsong_shinebutton,0,0,13,,,,
839_anychart_anychart-android,0,0,678,,,,
840_googleads_google-media-framework-android,0,0,22,,,,
841_googlesamples_android-networkconnect,0,0,4,,,,
842_mapbox_mapbox-navigation-android,0,0,328,,,,
843_harjot-oberai_musicdna,0,0,577,,,,
844_victoralbertos_rxcache,6,1,112,"javax.crypto.Cipher
javax.crypto.CipherInputStream
javax.crypto.CipherOutputStream
javax.crypto.KeyGenerator
javax.crypto.SecretKey
javax.crypto.spec.SecretKeySpec",,,
845_lopspower_circularprogressbar,0,0,2,,,,
846_vremsoftwaredevelopment_wifianalyzer,0,0,275,,,,
847_opentok_opentok-android-sdk-samples,0,0,42,,,,
848_gicheonkang_fast-face-android,0,0,17,,,,
849_amitshekhariitbhu_android-tensorflow-lite-example,0,0,5,,,,
850_akexorcist_android-localizationactivity,0,0,29,,,,
851_watson-developer-cloud_android-sdk,0,0,24,,,,
852_cutta_tagview,0,0,10,,,,
853_arello-mobile_moxy,0,0,238,,,,
854_balysv_material-menu,0,0,4,,,,
855_googlesamples_android-activityscenetransitionbasic,0,0,11,,,,
856_libpd_pd-for-android,0,0,30,,,,
857_survivingwithandroid_weatherlib,0,0,70,,,,
858_kevalpatel2106_android-hidden-camera,0,0,20,,,,
859_baronz88_minimalistweather,0,0,90,,,,
860_clementine-player_android-remote,0,0,103,,,,
861_wasabeef_glide-transformations,0,0,26,,,,
862_jinguangyue_android-customcamera,0,0,126,,,,
863_sensorsdata_sa-sdk-android,0,0,96,,,,
864_googlesamples_android-downloadablefonts,0,0,3,,,,
865_mapbox_react-native-mapbox-gl,0,0,80,,,,
866_lexluthors_compresstools-android,0,0,6,,,,
867_johnpersano_supertoasts,0,0,20,,,,
868_lopspower_circularfillableloaders,0,0,2,,,,
869_rajawali_rajawali,0,0,411,,,,
870_westnordost_streetcomplete,0,0,428,,,,
871_magicmashroom_supercalendar,0,0,25,,,,
872_bobomee_android-demos,3,1,311,"javax.crypto.Cipher
javax.crypto.spec.IvParameterSpec
javax.crypto.spec.SecretKeySpec",,,
873_gleasonk_android-webrtc-tutorial,0,0,5,,,,
874_googlesamples_android-slidingtabsbasic,0,0,12,,,,
875_jakob-grabner_circle-progress-view,0,0,12,,,,
876_microg_android_packages_apps_unifiednlp,0,0,41,,,,
877_eugenehoran_android-material-searchview,3,1,17,"javax.crypto.Mac
javax.crypto.SecretKey
javax.crypto.spec.SecretKeySpec",,,
878_dmytrodanylyk_video-crop,0,0,2,,,,
879_gcssloop_diycode,0,0,255,,,,
880_08carmelo_android-keeplive,0,0,6,,,,
881_florent37_androidunittest,0,0,34,,,,
882_zom_zom-android,19,6,237,"javax.crypto.Cipher
javax.crypto.Cipher
javax.crypto.Cipher
javax.crypto.NoSuchPaddingException
javax.crypto.SecretKey
javax.crypto.SecretKeyFactory
javax.crypto.spec.PBEKeySpec
javax.crypto.spec.PBEParameterSpec
javax.crypto.SecretKey
javax.crypto.spec.SecretKeySpec
javax.crypto.spec.PBEKeySpec
javax.crypto.spec.SecretKeySpec
javax.crypto.Cipher
javax.crypto.KeyGenerator
javax.crypto.SecretKey
javax.crypto.SecretKeyFactory
javax.crypto.spec.IvParameterSpec
javax.crypto.spec.PBEKeySpec
javax.crypto.spec.SecretKeySpec",,,
883_miao1007_animewallpaper,0,0,40,,,,
884_keepsafe_relinker,0,0,24,,,,
885_xiaofeng-han_androidlibs,0,0,19,,,,
886_jaredrummler_apkparser,0,0,84,,,,
887_robinhood_ticker,0,0,17,,,,
888_greenrobot_greendao,0,0,244,,,,
889_infinum_android-goldfinger,4,2,22,"javax.crypto.Cipher
javax.crypto.KeyGenerator
javax.crypto.spec.IvParameterSpec
javax.crypto.Cipher",,,
890_jackpocket_android_scratchoff,0,0,11,,,,
891_allencoder_androidcustomview,0,0,5,,,,
892_cctanfujun_progressroundbutton,0,0,7,,,,
893_topjohnwu_magisk,3,1,112,"javax.crypto.Cipher
javax.crypto.KeyGenerator
javax.crypto.SecretKey",,,
894_airbnb_deeplinkdispatch,0,0,37,,,,
895_mari-linhares_mnist-android-tensorflow,0,0,8,,,,
896_d-max_spots-dialog,0,0,6,,,,
897_erikcaffrey_people-mvvm,0,0,20,,,,
898_googlesamples_android-appusagestatistics,0,0,6,,,,
899_izzyleung_zhihudailypurify,0,0,27,,,,
900_uservoice_uservoice-android-sdk,0,0,69,,,,
901_wuxiaolong_wewin,0,0,40,,,,
902_fandreuzzi_tui-consolelauncher,0,0,145,,,,
903_leadrien_opencv_native_androidstudio,0,0,133,,,,
904_googlesamples_android-custom-lint-rules,0,0,7,,,,
905_saulmm_from-design-to-android-part1,0,0,8,,,,
906_vipulasri_timeline-view,0,0,16,,,,
907_swiftywang_fingercoloring-android,0,0,103,,,,
908_vipulasri_ticketview,0,0,7,,,,
909_m2049r_xmrwallet,4,1,115,"javax.crypto.BadPaddingException
javax.crypto.Cipher
javax.crypto.IllegalBlockSizeException
javax.crypto.NoSuchPaddingException",,,
910_tangoagency_material-intro-screen,0,0,39,,,,
911_plutoarchitecture_pluto-android,4,1,108,"javax.crypto.Cipher
javax.crypto.SecretKeyFactory
javax.crypto.spec.DESKeySpec
javax.crypto.spec.IvParameterSpec",,,
912_firebase_firebase-android-sdk,0,0,752,,,,
913_jaredsburrows_android-gradle-java-app-template,0,0,9,,,,
914_ivbaranov_rxbluetooth,0,0,12,,,,
915_ladingwu_dimens_sw,0,0,3,,,,
916_easydss_easyplayer-rtsp-android,0,0,43,,,,
917_filestack_filestack-android,0,0,37,,,,
918_kcochibili_tinydb--android-shared-preferences-turbo,0,0,1,,,,
919_gonativeio_gonative-android,0,0,33,,,,
920_wequick_small,0,0,85,,,,
921_parkingwang_vehicle-keyboard-android,0,0,41,,,,
922_byoutline_kickmaterial,0,0,5,,,,
923_signalapp_libsignal-protocol-java,26,9,110,"javax.crypto.spec.IvParameterSpec
javax.crypto.spec.SecretKeySpec
javax.crypto.Mac
javax.crypto.spec.SecretKeySpec
javax.crypto.BadPaddingException
javax.crypto.Cipher
javax.crypto.IllegalBlockSizeException
javax.crypto.NoSuchPaddingException
javax.crypto.spec.IvParameterSpec
javax.crypto.spec.SecretKeySpec
javax.crypto.BadPaddingException
javax.crypto.Cipher
javax.crypto.IllegalBlockSizeException
javax.crypto.NoSuchPaddingException
javax.crypto.spec.IvParameterSpec
javax.crypto.spec.SecretKeySpec
javax.crypto.Mac
javax.crypto.spec.SecretKeySpec
javax.crypto.Mac
javax.crypto.spec.SecretKeySpec
javax.crypto.spec.IvParameterSpec
javax.crypto.spec.SecretKeySpec
javax.crypto.Mac
javax.crypto.spec.SecretKeySpec
javax.crypto.spec.IvParameterSpec
javax.crypto.spec.SecretKeySpec",,,
924_googlesamples_android-asymmetricfingerprintdialog,0,0,9,,,,
925_parksanggwon_tedpermission,0,0,14,,,,
926_xuuhaoo_oksocket,0,0,93,,,,
927_netease-im_nim_android_uikit,0,0,407,,,,
928_jakewharton_telecine,0,0,26,,,,
929_ibm-watson-iot_iot-starter-for-android,0,0,24,,,,
930_yshrsmz_keyboardvisibilityevent,0,0,7,,,,
931_meefik_busybox,0,0,9,,,,
932_smilefam_sendbird-android,0,0,39,,,,
933_andbible_and-bible,0,0,391,,,,
934_commonsguy_cwac-cam2,0,0,67,,,,
935_licheedev_android-serialport-api,0,0,13,,,,
936_tum-dev_campus-android,0,0,153,,,,
937_mobclub_sharesdk-for-android,0,0,91,,,,
938_udark_underdark-android,0,0,4,,,,
939_horaapps_leafpic,4,1,139,"javax.crypto.Cipher
javax.crypto.KeyGenerator
javax.crypto.NoSuchPaddingException
javax.crypto.SecretKey",,,
940_martykan_forecastie,0,0,24,,,,
941_appolica_interactiveinfowindowandroid,0,0,18,,,,
942_aigestudio_wheelpicker,0,0,16,,,,
943_carlosrafaelgn_fplayandroid,0,0,144,,,,
944_j4velin_pedometer,0,0,23,,,,
945_ifixit_ifixitandroid,0,0,194,,,,
946_alexliusheng_badgeview,0,0,2,,,,
947_dlazaro66_qrcodereaderview,0,0,13,,,,
948_aritraroy_patternlockview,0,0,17,,,,
949_applandeo_material-calendar-view,0,0,29,,,,
950_wuhenzhizao_android-sku,0,0,29,,,,
951_siacs_conversations,14,2,317,"javax.crypto.Cipher
javax.crypto.CipherInputStream
javax.crypto.CipherOutputStream
javax.crypto.NoSuchPaddingException
javax.crypto.spec.IvParameterSpec
javax.crypto.spec.SecretKeySpec
javax.crypto.BadPaddingException
javax.crypto.Cipher
javax.crypto.IllegalBlockSizeException
javax.crypto.KeyGenerator
javax.crypto.NoSuchPaddingException
javax.crypto.SecretKey
javax.crypto.spec.IvParameterSpec
javax.crypto.spec.SecretKeySpec",,,
952_blinkid_blinkid-android,0,0,145,,,,
953_bhuvnesh123_ffmpeg-video-editor-android,0,0,8,,,,
954_yalantis_phoenix,0,0,9,,,,
955_openlauncherteam_openlauncher,0,0,109,,,,
956_pubnub_java,8,2,145,"javax.crypto.Mac
javax.crypto.spec.SecretKeySpec
javax.crypto.BadPaddingException
javax.crypto.Cipher
javax.crypto.IllegalBlockSizeException
javax.crypto.NoSuchPaddingException
javax.crypto.spec.IvParameterSpec
javax.crypto.spec.SecretKeySpec",,,
957_semantive_waveform-android,0,0,15,,,,
958_klinker24_android-dragdismissactivity,0,0,20,,,,
959_googlesamples_android-speedtracker,0,0,12,,,,
960_easydarwin_easypusher-android,0,0,38,,,,
961_d-tarasov_android-intents,0,0,24,,,,
962_r0adkll_slidr,0,0,18,,,,
963_n26_n26androidsamples,0,0,84,,,,
964_geekghost_ghost,0,0,134,,,,
965_alexvasilkov_gestureviews,0,0,105,,,,
966_sourcey_materiallogindemo,0,0,4,,,,
967_happyfoxinc_helpstack-android,0,0,51,,,,
968_square_wire,0,0,212,,,,
969_consp1racy_android-support-preference,0,0,86,,,,
970_michael-rapp_androidmaterialdialog,0,0,76,,,,
971_klinker24_talon-twitter-holo,11,4,312,"javax.crypto.Mac
javax.crypto.SecretKey
javax.crypto.spec.SecretKeySpec
javax.crypto.Mac
javax.crypto.spec.SecretKeySpec
javax.crypto.Mac
javax.crypto.SecretKey
javax.crypto.spec.SecretKeySpec
javax.crypto.Mac
javax.crypto.SecretKey
javax.crypto.spec.SecretKeySpec",,,
972_ppareit_swiftp,0,0,66,,,,
973_simplifycom_ink-android,0,0,2,,,,
974_gyf-dev_immersionbar,0,0,78,,,,
975_daimajia_animationeasingfunctions,0,0,34,,,,
976_youngbill_android-remotecontroller,0,0,15,,,,
977_auth0_lock.android,0,0,127,,,,
978_wing-li_html5webview,0,0,6,,,,
979_privacyapps_html-textview,0,0,13,,,,
980_angtrim_android-five-stars-library,0,0,6,,,,
981_nineworlds_serenity-android,0,0,376,,,,
982_googlesamples_android-swiperefreshmultipleviews,0,0,14,,,,
983_zane96_fairy,0,0,60,,,,
984_edmodo_range-bar,0,0,8,,,,
985_saschpe_android-customtabs,0,0,12,,,,
986_andlyticsproject_andlytics,0,0,130,,,,
987_intrications_intent-intercept,0,0,8,,,,
988_android-notes_swissarmyknife,0,0,66,,,,
989_bluelinelabs_logansquare,0,0,166,,,,
990_danimahardhika_candybar-library,0,0,112,,,,
991_pchmn_materialchipsinput,0,0,24,,,,
992_lauszus_facerecognitionapp,0,0,6,,,,
993_seatgeek_android-placesautocompletetextview,0,0,57,,,,
994_flipkart-incubator_springy-heads,0,0,25,,,,
995_jgilfelt_chuck,0,0,26,,,,
996_florent37_camerafragment,0,0,52,,,,
997_nytimes_store,0,0,182,,,,
998_timusus_shuttle,0,0,416,,,,
999_abarisain_dmix,0,0,145,,,,
1000_splashcodes_javiewer,0,0,72,,,,